[{:name=>"The Floating Sea Horse", :image=>"https://offplan-properties.ae/wp-content/uploads/2016/08/The-Floating-Seahorse-Dubai-300x300.jpg", :url=>"https://offplan-properties.ae/buy-new-projects-dubai/the-world-islands/the-floating-seahorse-st-petersburg-island-the-heart-of-europe/", :tag=>["dubai", "United Arab Emirates", "Middle-East"]}, {:name=>"Sweden Villas", :image=>"https://offplan-properties.ae/wp-content/uploads/2016/05/Sweden-Villas-300x300.jpg", :url=>"https://offplan-properties.ae/buy-new-projects-dubai/the-world-islands/sweden-island-villas-the-heart-of-europe/", :tag=>["dubai", "United Arab Emirates", "Middle-East"]}, {:name=>"Germany Villas", :image=>"https://offplan-properties.ae/wp-content/uploads/2016/05/Germany-Villas-300x300.jpg", :url=>"https://offplan-properties.ae/buy-new-projects-dubai/the-world-islands/germany-villas-the-heart-of-europe/", :tag=>["dubai", "United Arab Emirates", "Middle-East"]}, {:name=>"Entisar Tower", :image=>"https://offplan-properties.ae/wp-content/uploads/2017/08/entisar_635x635-300x300.jpg", :url=>"https://offplan-properties.ae/buy-new-projects-dubai/sheikh-zayed-road/entisar-tower-apartments/", :tag=>["dubai", "United Arab Emirates", "Middle-East"]}, {:name=>"Rosemont Hotel & Residences", :image=>"https://offplan-properties.ae/wp-content/uploads/2016/07/Rosemont-HotelResidences-300x300.jpg", :url=>"https://offplan-properties.ae/buy-new-projects-dubai/sheikh-zayed-road/rosemont-hotel-residences/", :tag=>["dubai", "United Arab Emirates", "Middle-East"]}, {:name=>"Vida Residences", :image=>"https://offplan-properties.ae/wp-content/uploads/2017/03/vida-1-2-300x300.jpg", :url=>"https://offplan-properties.ae/buy-new-projects-dubai/dubai-marina/vida-residences/", :tag=>["Dubai", "United Arab Emirates", "Middle-East"]}, {:name=>" Jumeirah Living Marina Gate", :image=>"https://offplan-properties.ae/wp-content/uploads/2017/02/01-jlmg-exterior-2-2-1-300x273.jpg", :url=>"https://offplan-properties.ae/buy-new-projects-dubai/dubai-marina/jumeirah-living-marina-gate/", :tag=>["Dubai", "United Arab Emirates", "Middle-East"]}, {:name=>"Wyndham Dubai Marina", :image=>"https://offplan-properties.ae/wp-content/uploads/2016/10/Wyndham-Dubai-Marina-300x225.jpg", :url=>"https://offplan-properties.ae/buy-new-projects-dubai/dubai-marina/wyndham-dubai-marina/", :tag=>["Dubai", "United Arab Emirates", "Middle-East"]}, {:name=>"The One Dubai Marina", :image=>"https://offplan-properties.ae/wp-content/uploads/2016/10/The-One-Hotel-1-300x300.jpg", :url=>"https://offplan-properties.ae/buy-new-projects-dubai/dubai-marina/the-one-dubai-marina/", :tag=>["Dubai", "United Arab Emirates", "Middle-East"]}, {:name=>"Studio One", :image=>"https://offplan-properties.ae/wp-content/uploads/2016/09/Studio-One-300x300.jpg", :url=>"https://offplan-properties.ae/buy-new-projects-dubai/dubai-marina/studio-one/", :tag=>["Dubai", "United Arab Emirates", "Middle-East"]}, {:name=>"Sparkle Towers", :image=>"https://offplan-properties.ae/wp-content/uploads/2016/05/Sparkle-Towers-300x300.jpg", :url=>"https://offplan-properties.ae/buy-new-projects-dubai/dubai-marina/sparkle-towers-dubai-marina/", :tag=>["Dubai", "United Arab Emirates", "Middle-East"]}, {:name=>"The Residences at Marina Gate", :image=>"https://offplan-properties.ae/wp-content/uploads/2016/05/The-Residences-at-Marina-Gate1-300x300.jpg", :url=>"https://offplan-properties.ae/buy-new-projects-dubai/dubai-marina/the-residences-at-marina-gate/", :tag=>["Dubai", "United Arab Emirates", "Middle-East"]}, {:name=>"52|42", :image=>"https://offplan-properties.ae/wp-content/uploads/2016/04/52_42-1-300x300.jpg", :url=>"https://offplan-properties.ae/buy-new-projects-dubai/dubai-marina/52-42/", :tag=>["Dubai", "United Arab Emirates", "Middle-East"]}, {:name=>"Marina Arcade Residences", :image=>"https://offplan-properties.ae/wp-content/uploads/2015/11/Marina-Arcade-Residences-300x300.jpg", :url=>" http://offplan-properties.ae/buy-new-projects-dubai/dubai-marina/marina-arcade-residences-dubai-marina/", :tag=>["Dubai", "United Arab Emirates", "Middle-East"]}, {:name=>"Stella Maris Tower", :image=>"https://offplan-properties.ae/wp-content/uploads/2015/11/Stella-Maris-Tower-300x300.jpg", :url=>"http://offplan-properties.ae/buy-new-projects-dubai/dubai-marina/stella-maris-tower-bloom-properties-dubai-marina/", :tag=>["Dubai", "United Arab Emirates", "Middle-East"]}, {:name=>"DT 1 Apartments", :image=>"https://offplan-properties.ae/wp-content/uploads/2017/07/dt-apartments144532_635x635-300x300.jpg", :url=>"https://offplan-properties.ae/buy-new-projects-dubai/downtown-dubai/dt-1-apartments/", :tag=>["Dubai", "United Arab Emirates", "Middle-East"]}, {:name=>"Vida Residences Dubai Mall", :image=>"https://offplan-properties.ae/wp-content/uploads/2017/05/vida-residences-dubai-mall-1-300x300.jpg", :url=>"https://offplan-properties.ae/buy-new-projects-dubai/downtown-dubai/vida-residences-dubai-mall/", :tag=>["Dubai", "United Arab Emirates", "Middle-East"]}, {:name=>"MAG 318", :image=>"https://offplan-properties.ae/wp-content/uploads/2017/04/offplan-thumbnail-1-1-300x300.jpg", :url=>"https://offplan-properties.ae/buy-new-projects-dubai/downtown-dubai/mag-318/", :tag=>["Dubai", "United Arab Emirates", "Middle-East"]}, {:name=>"Downtown Views", :image=>"https://offplan-properties.ae/wp-content/uploads/2017/01/downtown-views176005-300x172.jpg", :url=>"https://offplan-properties.ae/buy-new-projects-dubai/downtown-dubai/downtown-views/", :tag=>["Dubai", "United Arab Emirates", "Middle-East"]}, {:name=>"Downtown Views 2", :image=>"https://offplan-properties.ae/wp-content/uploads/2017/01/downtown-view2-300x300.jpg", :url=>"https://offplan-properties.ae/buy-new-projects-dubai/downtown-dubai/downtown-views-2/", :tag=>["Dubai", "United Arab Emirates", "Middle-East"]}, {:name=>"DAMAC Maison Priv\u00E9", :image=>"https://offplan-properties.ae/wp-content/uploads/2017/01/damac-prive-apartments167511-1-300x200.jpg", :url=>"https://offplan-properties.ae/buy-new-projects-dubai/downtown-dubai/damac-maison-prive/", :tag=>["Dubai", "United Arab Emirates", "Middle-East"]}, {:name=>"DAMAC Maison Upper Crest ", :image=>"https://offplan-properties.ae/wp-content/uploads/2017/01/damac-maison-upper-crest138231-300x200.jpg", :url=>"https://offplan-properties.ae/buy-new-projects-dubai/downtown-dubai/damac-maison-upper-crest/", :tag=>["Dubai", "United Arab Emirates", "Middle-East"]}, {:name=>"The Signature ", :image=>"https://offplan-properties.ae/wp-content/uploads/2017/01/the-signature176037-300x172.jpg", :url=>"https://offplan-properties.ae/buy-new-projects-dubai/downtown-dubai/the-signature/", :tag=>["Dubai", "United Arab Emirates", "Middle-East"]}, {:name=>"Vida Residence Downtown", :image=>"https://offplan-properties.ae/wp-content/uploads/2016/12/vida-downtown-300x300.jpg", :url=>"https://offplan-properties.ae/buy-new-projects-dubai/downtown-dubai/vida-residence/", :tag=>["Dubai", "United Arab Emirates", "Middle-East"]}, {:name=>"Burj Vista", :image=>"https://offplan-properties.ae/wp-content/uploads/2016/12/burj-vista83626-300x200.jpg", :url=>"https://offplan-properties.ae/buy-new-projects-dubai/downtown-dubai/burj-vista/", :tag=>["Dubai", "United Arab Emirates", "Middle-East"]}, {:name=>"The Address Sky View Towers", :image=>"https://offplan-properties.ae/wp-content/uploads/2016/12/the-address-sky-view-towers176031-300x172.jpg", :url=>"https://offplan-properties.ae/buy-new-projects-dubai/downtown-dubai/the-address-sky-view-towers/", :tag=>["Dubai", "United Arab Emirates", "Middle-East"]}, {:name=>"Bahwan Tower", :image=>"https://offplan-properties.ae/wp-content/uploads/2016/11/behwan-300x300.jpg", :url=>"https://offplan-properties.ae/buy-new-projects-dubai/downtown-dubai/bahwan-tower/", :tag=>["Dubai", "United Arab Emirates", "Middle-East"]}, {:name=>"Opera Grand", :image=>"https://offplan-properties.ae/wp-content/uploads/2016/11/opera-grand-300x300.jpg", :url=>"https://offplan-properties.ae/buy-new-projects-dubai/downtown-dubai/opera-grand/", :tag=>["Dubai", "United Arab Emirates", "Middle-East"]}, {:name=>"BLVD Heights", :image=>"https://offplan-properties.ae/wp-content/uploads/2016/11/blvd-heights-300x300.jpg", :url=>"https://offplan-properties.ae/buy-new-projects-dubai/downtown-dubai/blvd-heights/", :tag=>["Dubai", "United Arab Emirates", "Middle-East"]}, {:name=>"BLVD Crescent", :image=>"https://offplan-properties.ae/wp-content/uploads/2016/11/blvd-crescent-300x300.jpg", :url=>"https://offplan-properties.ae/buy-new-projects-dubai/downtown-dubai/blvd-crescent/", :tag=>["Dubai", "United Arab Emirates", "Middle-East"]}, {:name=>"The Sterling", :image=>"https://offplan-properties.ae/wp-content/uploads/2016/10/the_sterling_1_635x635-300x300.jpg", :url=>"https://offplan-properties.ae/buy-new-projects-dubai/downtown-dubai/the-sterling/", :tag=>["Dubai", "United Arab Emirates", "Middle-East"]}, {:name=>"Imperial Avenue", :image=>"https://offplan-properties.ae/wp-content/uploads/2016/09/imperial-avenue-300x300.jpg", :url=>"https://offplan-properties.ae/buy-new-projects-dubai/downtown-dubai/imperial-avenue/", :tag=>["Dubai", "United Arab Emirates", "Middle-East"]}, {:name=>"ACT - Opera District Downtown", :image=>"https://offplan-properties.ae/wp-content/uploads/2016/08/Act-one-300x300.jpg", :url=>"https://offplan-properties.ae/buy-new-projects-dubai/downtown-dubai/act-one-act-two-opera-district/", :tag=>["Dubai", "United Arab Emirates", "Middle-East"]}, {:name=>"Bellevue Towers", :image=>"https://offplan-properties.ae/wp-content/uploads/2016/08/Bellevue-Towers-1-2-300x300.jpg", :url=>"https://offplan-properties.ae/buy-new-projects-dubai/downtown-dubai/bellevue-towers/", :tag=>["Dubai", "United Arab Emirates", "Middle-East"]}, {:name=>"IL Primo", :image=>"https://offplan-properties.ae/wp-content/uploads/2016/05/il-primo-300x300.jpg", :url=>"https://offplan-properties.ae/buy-new-projects-dubai/downtown-dubai/il-primo-dubai-opera-district/", :tag=>["Dubai", "United Arab Emirates", "Middle-East"]}, {:name=>"Langham Place", :image=>"https://offplan-properties.ae/wp-content/uploads/2016/05/Langham-Place-300x300.jpg", :url=>"https://offplan-properties.ae/buy-new-projects-dubai/downtown-dubai/langham-place-by-omniyat/", :tag=>["Dubai", "United Arab Emirates", "Middle-East"]}, {:name=>"The Address Residences Dubai Opera Tower 2", :image=>"https://offplan-properties.ae/wp-content/uploads/2016/03/The-Address-Residences-300x300.jpg", :url=>"https://offplan-properties.ae/buy-new-projects-dubai/downtown-dubai/the-address-residences-dubai-opera-tower-2/", :tag=>["Dubai", "United Arab Emirates", "Middle-East"]}, {:name=>"The Address Residences Dubai Opera", :image=>"https://offplan-properties.ae/wp-content/uploads/2015/12/the-address-3-300x300.jpg", :url=>"http://offplan-properties.ae/buy-new-projects-dubai/downtown-dubai/the-address-residences-dubai-opera/", :tag=>["Dubai", "United Arab Emirates", "Middle-East"]}, {:name=>"Mada Residences", :image=>"https://offplan-properties.ae/wp-content/uploads/2015/12/mada-300x300.jpg", :url=>"https://offplan-properties.ae/buy-new-projects-dubai/downtown-dubai/mada-residences-project/", :tag=>["Dubai", "United Arab Emirates", "Middle-East"]}, {:name=>"RP Heights", :image=>"https://offplan-properties.ae/wp-content/uploads/2015/11/RP-Heights-300x300.jpg", :url=>"https://offplan-properties.ae/buy-new-projects-dubai/downtown-dubai/rp-heights/", :tag=>["Dubai", "United Arab Emirates", "Middle-East"]}, {:name=>"Forte Towers", :image=>"https://offplan-properties.ae/wp-content/uploads/2015/09/forte-tower-300x300.jpg", :url=>"https://offplan-properties.ae/buy-new-projects-dubai/downtown-dubai/forte-towers/", :tag=>["Dubai", "United Arab Emirates", "Middle-East"]}, {:name=>"Sherena Residence", :image=>"https://offplan-properties.ae/wp-content/uploads/2017/10/sherena_1_635x635-300x300.jpg", :url=>"https://offplan-properties.ae/buy-new-projects-dubai/dubai-land/sherena-residences/", :tag=>["Dubai", "United Arab Emirates", "Middle-East"]}, {:name=>"Remraam Phase 2", :image=>"https://offplan-properties.ae/wp-content/uploads/2017/07/Remraam-Phase-2-1-300x300.jpg", :url=>"https://offplan-properties.ae/buy-new-projects-dubai/dubai-land/remraam-phase-2-apartments/", :tag=>["Dubai", "United Arab Emirates", "Middle-East"]}, {:name=>"Serena Casa Viva", :image=>"https://offplan-properties.ae/wp-content/uploads/2017/06/serena-dubailand-1-1-300x300.jpg", :url=>"https://offplan-properties.ae/buy-new-projects-dubai/dubai-land/serena-casa-viva/", :tag=>["Dubai", "United Arab Emirates", "Middle-East"]}, {:name=>"Q-Zone Apartments", :image=>"https://offplan-properties.ae/wp-content/uploads/2017/05/q-zone-300x300.jpg", :url=>"https://offplan-properties.ae/buy-new-projects-dubai/dubai-land/q-zone-apartments/", :tag=>["Dubai", "United Arab Emirates", "Middle-East"]}, {:name=>"Arabella 3 - Townhouses & Villas", :image=>"https://offplan-properties.ae/wp-content/uploads/2017/04/arabella-3-1-300x300.jpg", :url=>"https://offplan-properties.ae/buy-new-projects-dubai/dubai-land/arabella-3-townhouses-villas/", :tag=>["Dubai", "United Arab Emirates", "Middle-East"]}, {:name=>"Mudon Views", :image=>"https://offplan-properties.ae/wp-content/uploads/2017/03/mudon-views-1-300x300.jpg", :url=>"https://offplan-properties.ae/buy-new-projects-dubai/dubai-land/mudon-views/", :tag=>["Dubai", "United Arab Emirates", "Middle-East"]}, {:name=>"Villanova Phase 2 - La Quinta", :image=>"https://offplan-properties.ae/wp-content/uploads/2017/01/la-quinta-1-300x300.jpg", :url=>"https://offplan-properties.ae/buy-new-projects-dubai/dubai-land/villanova-phase-2-la-quinta/", :tag=>["Dubai", "United Arab Emirates", "Middle-East"]}, {:name=>"Akoya Oxygen", :image=>"https://offplan-properties.ae/wp-content/uploads/2017/01/akoya-oxygen116785-300x151.jpg", :url=>"https://offplan-properties.ae/buy-new-projects-dubai/dubai-land/akoya-oxygen/", :tag=>["Dubai", "United Arab Emirates", "Middle-East"]}, {:name=>"Villanova", :image=>"https://offplan-properties.ae/wp-content/uploads/2016/10/villanova-2-300x300.jpg", :url=>"https://offplan-properties.ae/buy-new-projects-dubai/dubai-land/villanova/", :tag=>["Dubai", "United Arab Emirates", "Middle-East"]}, {:name=>"Living Legends", :image=>"https://offplan-properties.ae/wp-content/uploads/2016/10/Living-legends.bmp", :url=>"https://offplan-properties.ae/buy-new-projects-dubai/dubai-land/living-legends/", :tag=>["Dubai", "United Arab Emirates", "Middle-East"]}, {:name=>"Casa Dora at Serena ", :image=>"https://offplan-properties.ae/wp-content/uploads/2016/08/Casa-Dora-at-Serena-300x300.jpg", :url=>"https://offplan-properties.ae/buy-new-projects-dubai/dubai-land/casa-dora-serena-townhouses/", :tag=>["Dubai", "United Arab Emirates", "Middle-East"]}, {:name=>"Vincitore Palacio", :image=>"https://offplan-properties.ae/wp-content/uploads/2016/05/Vincitore-Palacio1-300x300.jpg", :url=>"https://offplan-properties.ae/buy-new-projects-dubai/dubai-land/vincitore-palacio/", :tag=>["Dubai", "United Arab Emirates", "Middle-East"]}, {:name=>"Arabella Townhouses 2", :image=>"https://offplan-properties.ae/wp-content/uploads/2016/03/Arabella-Townhouses2-300x300.jpg", :url=>"https://offplan-properties.ae/buy-new-projects-dubai/dubai-land/arabella-townhouses-2/", :tag=>["Dubai", "United Arab Emirates", "Middle-East"]}, {:name=>"Serena Townhouses", :image=>"https://offplan-properties.ae/wp-content/uploads/2016/02/serena-300x300.jpg", :url=>"https://offplan-properties.ae/buy-new-projects-dubai/dubai-land/serena-townhouses/", :tag=>["Dubai", "United Arab Emirates", "Middle-East"]}, {:name=>"Q-Line", :image=>"https://offplan-properties.ae/wp-content/uploads/2016/01/q-line-300x300.jpg", :url=>"https://offplan-properties.ae/dubai-real-estate-developers/mazaya-new-projects/q-line-liwan/", :tag=>["Dubai", "United Arab Emirates", "Middle-East"]}, {:name=>"Arabella Townhouses", :image=>"https://offplan-properties.ae/wp-content/uploads/2015/10/Arabella-Townhouses-300x300.jpg", :url=>"https://offplan-properties.ae/buy-new-projects-dubai/dubai-land/arabella-townhouses-mudon/", :tag=>["Dubai", "United Arab Emirates", "Middle-East"]}, {:name=>"Veriu Expand into Melbourne, Acquires Portfolio of 13 Hotels", :image=>"https://s3-ap-southeast-2.amazonaws.com/tud-media/raw/images/89114fdc-ee46-4740-b2c8-8e41711ef371.jpg", :url=>"https://theurbandeveloper.com/articles/veriu-expand-into-melbourne-acquires-portfolio-of-13-hotels", :tag=>["Australia", "Oceania"]}, {:name=>"Templestowe Owners Combine Properties to Sell Development-Ready Site", :image=>"https://s3-ap-southeast-2.amazonaws.com/tud-media/raw/images/52894bc2-e4bc-4047-b278-7ff92adfbf4e.jpg", :url=>"https://theurbandeveloper.com/articles/templestowe-owners-combine-properties-to-sell-development-ready-site", :tag=>["Australia", "Oceania"]}, {:name=>"Bayside Site with Aged Care Permit Back on the Market for $19m", :image=>"https://s3-ap-southeast-2.amazonaws.com/tud-media/raw/images/8eaa7b92-df9d-4adb-9382-01384099a05e.jpg", :url=>"https://theurbandeveloper.com/articles/bayside-site-with-aged-care-permit-back-on-the-market-for-19m", :tag=>["Australia", "Oceania"]}, {:name=>"Prime George Street Development Site Changes Hands for $94m", :image=>"https://s3-ap-southeast-2.amazonaws.com/tud-media/raw/images/5fd621e4-94ce-4246-bc1d-312c5fa53345.jpg", :url=>"https://theurbandeveloper.com/articles/prime-george-street-development-site-changes-hands-for-94m", :tag=>["Australia", "Oceania"]}, {:name=>"Frasers Buys Land in Braeside to Develop Industrial Estate", :image=>"https://s3-ap-southeast-2.amazonaws.com/tud-media/raw/images/4e524d46-e30b-424c-bea1-5e1c7c4df11c.jpg", :url=>"https://theurbandeveloper.com/articles/frasers-buys-land-in-braeside-to-develop-industrial-estate", :tag=>["Australia", "Oceania"]}, {:name=>" Demand for Neighbourhood Shopping Centres Continues with Major Sale", :image=>"https://s3-ap-southeast-2.amazonaws.com/tud-media/raw/images/3c02aed4-fe7e-4855-a08c-a1e00c9ce18a.jpg", :url=>"https://theurbandeveloper.com/articles/-demand-for-neighbourhood-shopping-centres-continues-with-major-sale", :tag=>["Australia", "Oceania"]}, {:name=>"Heathley Acquires Medical Centre in \u2018New\u2019 Queensland Town", :image=>"https://s3-ap-southeast-2.amazonaws.com/tud-media/raw/images/05b8aac1-b8e2-49b1-be0f-34ee9b90bb65.jpg", :url=>"https://theurbandeveloper.com/articles/heathley-acquires-medical-centre-in-new-queensland-town", :tag=>["Australia", "Oceania"]}, {:name=>"Office Tower Sells for $43m in Recovering Perth Market", :image=>"https://s3-ap-southeast-2.amazonaws.com/tud-media/raw/images/f3abff02-ed80-4708-b910-f5baef4f5fea.jpg", :url=>"https://theurbandeveloper.com/articles/office-tower-sells-for-43m-in-recovering-perth-market", :tag=>["Australia", "Oceania"]}, {:name=>"Heritage-Listed Warehouse in Sydney CBD Listed for $55m", :image=>"https://s3-ap-southeast-2.amazonaws.com/tud-media/raw/images/ad50dde2-8c12-442c-b79d-5841052084be.jpg", :url=>"https://theurbandeveloper.com/articles/heritage-listed-warehouse-in-sydney-cbd-listed-for-55m", :tag=>["Australia", "Oceania"]}, {:name=>"Triguboff Sells More Apartments, Warns Against Falling Foreign Property Buyers ", :image=>"https://s3-ap-southeast-2.amazonaws.com/tud-media/raw/images/28e7a1ed-b2a6-481e-9737-609635f8f638.jpg", :url=>"https://theurbandeveloper.com/articles/triguboff-sells-more-apartments-warns-against-falling-foreign-property-buyers-", :tag=>["Australia", "Oceania"]}, {:name=>"Google Buys Chelsea Market Building for $3bn ", :image=>"https://s3-ap-southeast-2.amazonaws.com/tud-media/raw/images/330779b9-4d0f-46fa-9ebd-7bac861d2ad1.jpg", :url=>"https://theurbandeveloper.com/articles/google-buys-chelsea-market-building-for-3bn-", :tag=>["Australia", "Oceania"]}, {:name=>"Fund Manager Diversifies with $35m Canberra Hotel Purchase", :image=>"https://s3-ap-southeast-2.amazonaws.com/tud-media/raw/images/650ca54a-a7f8-4677-899d-899692d125f4.jpg", :url=>"https://theurbandeveloper.com/articles/fund-manager-diversifies-with-35m-canberra-hotel-purchase", :tag=>["Australia", "Oceania"]}, {:name=>"Industry Praises House Passage of TRID Improvement Bill", :image=>"http://rismedia.com/wp-content/uploads/2018/02/House_of_Reps_836454122.jpg", :url=>#<Nokogiri::XML::Attr:0x2ee5b7c name="href" value="http://rismedia.com/2018/02/15/industry-praises-house-passage-trid-improvement-bill/">, :tag=>["America", "United States", "United States of America", "North America"]}, {:name=>"Appraisals Off by a Larger Margin", :image=>"http://rismedia.com/wp-content/uploads/2018/02/appraisal_174686464.jpg", :url=>#<Nokogiri::XML::Attr:0x2ee5b2c name="href" value="http://rismedia.com/2018/02/14/appraisal-off-larger-margin/">, :tag=>["America", "United States", "United States of America", "North America"]}, {:name=>"Home Prices Still on an Upturn", :image=>"http://rismedia.com/wp-content/uploads/2018/02/home_prices_upturn_665x350_871200278.jpg", :url=>#<Nokogiri::XML::Attr:0x2ee5adc name="href" value="http://rismedia.com/2018/02/13/home-prices-still-upturn/">, :tag=>["America", "United States", "United States of America", "North America"]}, {:name=>"Market Your Brand With .realtor", :image=>"http://rismedia.com/wp-content/uploads/2018/02/market_brand_655704174.jpg", :url=>#<Nokogiri::XML::Attr:0x2ee5a8c name="href" value="http://rismedia.com/2018/02/13/market-your-brand-realtor/">, :tag=>["America", "United States", "United States of America", "North America"]}, {:name=>"Buyers Entering the Market Solo Struggle", :image=>"http://rismedia.com/wp-content/uploads/2018/02/single_buyer_665x350_174991512.jpg", :url=>#<Nokogiri::XML::Attr:0x2ee5a3c name="href" value="http://rismedia.com/2018/02/12/buyers-entering-market-solo-struggle/">, :tag=>["America", "United States", "United States of America", "North America"]}, {:name=>"New Initiative Opens Door to Airbnb Refi Options", :image=>"http://rismedia.com/wp-content/uploads/2018/02/welcome_mat_884482508.jpg", :url=>#<Nokogiri::XML::Attr:0x2ee59ec name="href" value="http://rismedia.com/2018/02/12/new-initiative-opens-door-airbnb-refi-options/">, :tag=>["America", "United States", "United States of America", "North America"]}]